{"cameraMode":{"drawMode":0,"name":"Shaded","section":"Shading Mode"},"sceneLighting":true,"audioPlay":false,"sceneViewState":{"showFog":true,"showMaterialUpdate":false,"showSkybox":true,"showFlares":true,"showImageEffects":true,"showParticleSystems":true},"in2DMode":false,"pivot":{"x":0.9462436437606812,"y":1.9865800142288209,"z":2.976199150085449},"rotation":{"x":0.06781661510467529,"y":0.9320846796035767,"z":-0.2426782250404358,"w":0.26033151149749758},"size":9.620588302612305,"orthographic":false}